Week,Day,Date,Time,Winner,Location,Loser,NA,PtsW,PtsL,YdsW,TOW,YdsL,TOL
1,Thu,September 8,8:40PM,Denver Broncos,,Carolina Panthers,boxscore,21,20,307,3,333,1
1,Sun,September 11,1:04PM,Green Bay Packers,@,Jacksonville Jaguars,boxscore,27,23,294,0,348,1
1,Sun,September 11,1:04PM,Baltimore Ravens,,Buffalo Bills,boxscore,13,7,308,1,160,0
1,Sun,September 11,1:05PM,Cincinnati Bengals,@,New York Jets,boxscore,23,22,381,1,340,1
1,Sun,September 11,1:05PM,Philadelphia Eagles,,Cleveland Browns,boxscore,29,10,403,0,288,1
1,Sun,September 11,1:05PM,Minnesota Vikings,@,Tennessee Titans,boxscore,25,16,301,0,316,3
1,Sun,September 11,1:05PM,Kansas City Chiefs,,San Diego Chargers,boxscore,33,27,413,1,388,0
1,Sun,September 11,1:05PM,Tampa Bay Buccaneers,@,Atlanta Falcons,boxscore,31,24,371,1,374,0
1,Sun,September 11,1:05PM,Oakland Raiders,@,New Orleans Saints,boxscore,35,34,486,0,507,1
1,Sun,September 11,1:05PM,Houston Texans,,Chicago Bears,boxscore,23,14,344,1,258,1
1,Sun,September 11,4:08PM,Seattle Seahawks,,Miami Dolphins,boxscore,12,10,352,2,214,0
1,Sun,September 11,4:27PM,Detroit Lions,@,Indianapolis Colts,boxscore,39,35,448,0,450,0
1,Sun,September 11,4:27PM,New York Giants,@,Dallas Cowboys,boxscore,20,19,316,1,328,0
1,Sun,September 11,7:30PM,New England Patriots,@,Arizona Cardinals,boxscore,23,21,363,2,344,0
1,Mon,September 12,7:11PM,Pittsburgh Steelers,@,Washington Redskins,boxscore,38,16,437,1,384,2
1,Mon,September 12,10:20PM,San Francisco 49ers,,Los Angeles Rams,boxscore,28,0,320,1,185,2
2,Thu,September 15,8:26PM,New York Jets,@,Buffalo Bills,boxscore,37,31,493,1,393,1
2,Sun,September 18,1:02PM,New England Patriots,,Miami Dolphins,boxscore,31,24,463,1,457,4
2,Sun,September 18,1:02PM,Tennessee Titans,@,Detroit Lions,boxscore,16,15,363,1,375,1
2,Sun,September 18,1:02PM,Baltimore Ravens,@,Cleveland Browns,boxscore,25,20,382,2,387,2
2,Sun,September 18,1:02PM,Pittsburgh Steelers,,Cincinnati Bengals,boxscore,24,16,374,2,412,2
2,Sun,September 18,1:02PM,Houston Texans,,Kansas City Chiefs,boxscore,19,12,351,2,291,3
2,Sun,September 18,1:03PM,Dallas Cowboys,@,Washington Redskins,boxscore,27,23,380,1,432,1
2,Sun,September 18,1:03PM,Carolina Panthers,,San Francisco 49ers,boxscore,46,27,529,4,302,3
2,Sun,September 18,1:03PM,New York Giants,,New Orleans Saints,boxscore,16,13,417,3,288,0
2,Sun,September 18,1:05PM,Arizona Cardinals,,Tampa Bay Buccaneers,boxscore,40,7,416,0,306,5
2,Sun,September 18,4:08PM,Los Angeles Rams,,Seattle Seahawks,boxscore,9,3,283,0,306,1
2,Sun,September 18,4:25PM,San Diego Chargers,,Jacksonville Jaguars,boxscore,38,14,357,1,388,3
2,Sun,September 18,4:25PM,Atlanta Falcons,@,Oakland Raiders,boxscore,35,28,528,1,454,0
2,Sun,September 18,4:25PM,Denver Broncos,,Indianapolis Colts,boxscore,34,20,400,1,253,2
2,Sun,September 18,8:32PM,Minnesota Vikings,,Green Bay Packers,boxscore,17,14,284,1,263,3
2,Mon,September 19,8:30PM,Philadelphia Eagles,@,Chicago Bears,boxscore,29,14,280,0,284,3
3,Thu,September 22,8:26PM,New England Patriots,,Houston Texans,boxscore,27,0,282,0,284,3
3,Sun,September 25,1:02PM,Buffalo Bills,,Arizona Cardinals,boxscore,33,18,297,1,348,5
3,Sun,September 25,1:02PM,Denver Broncos,@,Cincinnati Bengals,boxscore,29,17,355,1,332,2
3,Sun,September 25,1:02PM,Green Bay Packers,,Detroit Lions,boxscore,34,27,324,0,418,1
3,Sun,September 25,1:02PM,Baltimore Ravens,@,Jacksonville Jaguars,boxscore,19,17,283,3,216,3
3,Sun,September 25,1:02PM,Minnesota Vikings,@,Carolina Panthers,boxscore,22,10,211,0,306,3
3,Sun,September 25,1:02PM,Oakland Raiders,@,Tennessee Titans,boxscore,17,10,368,1,393,3
3,Sun,September 25,1:02PM,Washington Redskins,@,New York Giants,boxscore,29,27,403,1,457,3
3,Sun,September 25,1:02PM,Miami Dolphins,,Cleveland Browns,boxscore,30,24,426,3,430,1
3,Sun,September 25,4:05PM,Los Angeles Rams,@,Tampa Bay Buccaneers,boxscore,37,32,320,2,472,2
3,Sun,September 25,4:05PM,Seattle Seahawks,,San Francisco 49ers,boxscore,37,18,418,2,254,1
3,Sun,September 25,4:25PM,Philadelphia Eagles,,Pittsburgh Steelers,boxscore,34,3,426,0,251,2
3,Sun,September 25,4:25PM,Indianapolis Colts,,San Diego Chargers,boxscore,26,22,410,2,352,3
3,Sun,September 25,4:26PM,Kansas City Chiefs,,New York Jets,boxscore,24,3,293,1,305,8
3,Sun,September 25,8:31PM,Dallas Cowboys,,Chicago Bears,boxscore,31,17,447,1,390,2
3,Mon,September 26,8:30PM,Atlanta Falcons,@,New Orleans Saints,boxscore,45,32,442,0,474,2
4,Thu,September 29,8:26PM,Cincinnati Bengals,,Miami Dolphins,boxscore,22,7,362,0,222,2
4,Sun,October 2,9:35AM,Jacksonville Jaguars,,Indianapolis Colts,boxscore,30,27,331,0,284,1
4,Sun,October 2,1:00PM,Chicago Bears,,Detroit Lions,boxscore,17,14,408,0,263,2
4,Sun,October 2,1:02PM,Buffalo Bills,@,New England Patriots,boxscore,16,0,378,0,277,1
4,Sun,October 2,1:02PM,Oakland Raiders,@,Baltimore Ravens,boxscore,28,27,261,1,412,1
4,Sun,October 2,1:02PM,Houston Texans,,Tennessee Titans,boxscore,27,20,359,2,320,1
4,Sun,October 2,1:03PM,Seattle Seahawks,@,New York Jets,boxscore,27,17,354,0,305,3
4,Sun,October 2,1:04PM,Atlanta Falcons,,Carolina Panthers,boxscore,48,33,571,1,378,2
4,Sun,October 2,1:05PM,Washington Redskins,,Cleveland Browns,boxscore,31,20,301,1,380,3
4,Sun,October 2,3:25PM,Los Angeles Rams,@,Arizona Cardinals,boxscore,17,13,288,1,420,5
4,Sun,October 2,4:05PM,Denver Broncos,@,Tampa Bay Buccaneers,boxscore,27,7,307,0,215,3
4,Sun,October 2,4:25PM,Dallas Cowboys,@,San Francisco 49ers,boxscore,24,17,428,0,295,1
4,Sun,October 2,4:25PM,New Orleans Saints,@,San Diego Chargers,boxscore,35,34,275,2,346,3
4,Sun,October 2,8:30PM,Pittsburgh Steelers,,Kansas City Chiefs,boxscore,43,14,436,0,357,2
4,Mon,October 3,8:35PM,Minnesota Vikings,,New York Giants,boxscore,24,10,366,0,339,2
5,Thu,October 6,8:27PM,Arizona Cardinals,@,San Francisco 49ers,boxscore,33,21,288,0,286,3
5,Sun,October 9,1:02PM,Detroit Lions,,Philadelphia Eagles,boxscore,24,23,244,1,346,2
5,Sun,October 9,1:02PM,Tennessee Titans,@,Miami Dolphins,boxscore,30,17,398,0,200,2
5,Sun,October 9,1:02PM,Indianapolis Colts,,Chicago Bears,boxscore,29,23,396,0,522,1
5,Sun,October 9,1:02PM,Pittsburgh Steelers,,New York Jets,boxscore,31,13,436,1,316,0
5,Sun,October 9,1:02PM,New England Patriots,@,Cleveland Browns,boxscore,33,13,501,0,262,1
5,Sun,October 9,1:03PM,Washington Redskins,@,Baltimore Ravens,boxscore,16,10,310,2,306,1
5,Sun,October 9,1:05PM,Minnesota Vikings,,Houston Texans,boxscore,31,13,351,0,214,1
5,Sun,October 9,4:05PM,Atlanta Falcons,@,Denver Broncos,boxscore,23,16,372,1,267,1
5,Sun,October 9,4:25PM,Dallas Cowboys,,Cincinnati Bengals,boxscore,28,14,402,1,345,0
5,Sun,October 9,4:25PM,Oakland Raiders,,San Diego Chargers,boxscore,34,31,389,1,423,4
5,Sun,October 9,4:25PM,Buffalo Bills,@,Los Angeles Rams,boxscore,30,19,305,0,345,3
5,Sun,October 9,8:30PM,Green Bay Packers,,New York Giants,boxscore,23,16,406,2,221,1
5,Mon,October 10,8:04PM,Tampa Bay Buccaneers,@,Carolina Panthers,boxscore,17,14,315,0,414,4
6,Thu,October 13,8:25PM,San Diego Chargers,,Denver Broncos,boxscore,21,13,265,2,304,2
6,Sun,October 16,1:02PM,Tennessee Titans,,Cleveland Browns,boxscore,28,26,407,1,341,0
6,Sun,October 16,1:02PM,New England Patriots,,Cincinnati Bengals,boxscore,35,17,437,0,357,0
6,Sun,October 16,1:02PM,Detroit Lions,,Los Angeles Rams,boxscore,31,28,348,0,387,1
6,Sun,October 16,1:02PM,Buffalo Bills,,San Francisco 49ers,boxscore,45,16,492,2,300,1
6,Sun,October 16,1:02PM,New York Giants,,Baltimore Ravens,boxscore,27,23,435,3,391,0
6,Sun,October 16,1:02PM,Miami Dolphins,,Pittsburgh Steelers,boxscore,30,15,474,0,297,2
6,Sun,October 16,1:02PM,Jacksonville Jaguars,@,Chicago Bears,boxscore,17,16,317,2,389,0
6,Sun,October 16,1:03PM,Washington Redskins,,Philadelphia Eagles,boxscore,27,20,493,1,239,0
6,Sun,October 16,1:03PM,New Orleans Saints,,Carolina Panthers,boxscore,41,38,523,1,406,2
6,Sun,October 16,4:05PM,Kansas City Chiefs,@,Oakland Raiders,boxscore,26,10,406,0,285,2
6,Sun,October 16,4:25PM,Dallas Cowboys,@,Green Bay Packers,boxscore,30,16,424,2,372,4
6,Sun,October 16,4:26PM,Seattle Seahawks,,Atlanta Falcons,boxscore,26,24,333,0,362,2
6,Sun,October 16,8:32PM,Houston Texans,,Indianapolis Colts,boxscore,26,23,414,1,392,1
6,Mon,October 17,7:30PM,Arizona Cardinals,,New York Jets,boxscore,28,3,396,0,230,2
7,Thu,October 20,8:26PM,Green Bay Packers,,Chicago Bears,boxscore,26,10,406,1,189,2
7,Sun,October 23,9:31AM,New York Giants,@,Los Angeles Rams,boxscore,17,10,232,1,345,4
7,Sun,October 23,1:02PM,Philadelphia Eagles,,Minnesota Vikings,boxscore,21,10,239,4,282,4
7,Sun,October 23,1:02PM,Oakland Raiders,@,Jacksonville Jaguars,boxscore,33,16,344,0,344,3
7,Sun,October 23,1:02PM,Cincinnati Bengals,,Cleveland Browns,boxscore,31,17,559,1,352,2
7,Sun,October 23,1:02PM,Miami Dolphins,,Buffalo Bills,boxscore,28,25,454,0,267,0
7,Sun,October 23,1:02PM,Detroit Lions,,Washington Redskins,boxscore,20,17,344,0,413,2
7,Sun,October 23,1:02PM,Indianapolis Colts,@,Tennessee Titans,boxscore,34,26,422,0,331,1
7,Sun,October 23,1:03PM,Kansas City Chiefs,,New Orleans Saints,boxscore,27,21,326,0,463,2
7,Sun,October 23,1:04PM,New York Jets,,Baltimore Ravens,boxscore,24,16,344,2,245,3
7,Sun,October 23,4:05PM,Tampa Bay Buccaneers,@,San Francisco 49ers,boxscore,34,17,513,1,273,3
7,Sun,October 23,4:05PM,San Diego Chargers,@,Atlanta Falcons,boxscore,33,30,426,2,386,1
7,Sun,October 23,4:25PM,New England Patriots,@,Pittsburgh Steelers,boxscore,27,16,362,2,375,1
7,Sun,October 23,7:30PM,Seattle Seahawks,@,Arizona Cardinals,boxscore,6,6,257,0,443,0
7,Mon,October 24,8:30PM,Denver Broncos,,Houston Texans,boxscore,27,9,347,0,271,2
8,Thu,October 27,8:26PM,Tennessee Titans,,Jacksonville Jaguars,boxscore,36,22,494,0,370,1
8,Sun,October 30,8:36AM,Washington Redskins,@,Cincinnati Bengals,boxscore,27,27,546,1,415,2
8,Sun,October 30,12:47PM,Carolina Panthers,,Arizona Cardinals,boxscore,30,20,349,1,340,2
8,Sun,October 30,1:02PM,Oakland Raiders,@,Tampa Bay Buccaneers,boxscore,30,24,626,1,270,0
8,Sun,October 30,1:02PM,Kansas City Chiefs,@,Indianapolis Colts,boxscore,30,14,422,0,277,2
8,Sun,October 30,1:02PM,New York Jets,@,Cleveland Browns,boxscore,31,28,393,0,407,2
8,Sun,October 30,1:02PM,New England Patriots,@,Buffalo Bills,boxscore,41,25,357,0,376,0
8,Sun,October 30,1:03PM,New Orleans Saints,,Seattle Seahawks,boxscore,25,20,375,1,359,1
8,Sun,October 30,1:03PM,Houston Texans,,Detroit Lions,boxscore,20,13,269,1,289,0
8,Sun,October 30,4:05PM,Denver Broncos,,San Diego Chargers,boxscore,27,19,324,3,369,3
8,Sun,October 30,4:25PM,Atlanta Falcons,,Green Bay Packers,boxscore,33,32,367,0,331,0
8,Sun,October 30,8:31PM,Dallas Cowboys,,Philadelphia Eagles,boxscore,29,23,460,1,291,1
8,Mon,October 31,8:31PM,Chicago Bears,,Minnesota Vikings,boxscore,20,10,403,0,258,0
9,Thu,November 3,8:25PM,Atlanta Falcons,@,Tampa Bay Buccaneers,boxscore,43,28,461,1,396,2
9,Sun,November 6,1:00PM,Miami Dolphins,,New York Jets,boxscore,27,23,274,0,331,2
9,Sun,November 6,1:00PM,Baltimore Ravens,,Pittsburgh Steelers,boxscore,21,14,274,1,277,1
9,Sun,November 6,1:00PM,Kansas City Chiefs,,Jacksonville Jaguars,boxscore,19,14,231,0,449,4
9,Sun,November 6,1:00PM,New York Giants,,Philadelphia Eagles,boxscore,28,23,302,2,443,2
9,Sun,November 6,1:00PM,Detroit Lions,@,Minnesota Vikings,boxscore,22,16,311,1,337,0
9,Sun,November 6,1:00PM,Dallas Cowboys,@,Cleveland Browns,boxscore,35,10,423,0,222,0
9,Sun,November 6,4:05PM,Carolina Panthers,@,Los Angeles Rams,boxscore,13,10,244,0,339,1
9,Sun,November 6,4:05PM,New Orleans Saints,@,San Francisco 49ers,boxscore,41,23,571,0,486,4
9,Sun,November 6,4:25PM,San Diego Chargers,,Tennessee Titans,boxscore,43,35,476,0,393,3
9,Sun,November 6,4:25PM,Indianapolis Colts,@,Green Bay Packers,boxscore,31,26,355,2,405,1
9,Sun,November 6,8:30PM,Oakland Raiders,,Denver Broncos,boxscore,30,20,397,0,299,2
9,Mon,November 7,8:30PM,Seattle Seahawks,,Buffalo Bills,boxscore,31,25,278,0,425,1
10,Thu,November 10,8:25PM,Baltimore Ravens,,Cleveland Browns,boxscore,28,7,396,2,144,3
10,Sun,November 13,1:00PM,Chicago Bears,@,Tampa Bay Buccaneers,preview,,,,,,
10,Sun,November 13,1:00PM,Denver Broncos,@,New Orleans Saints,preview,,,,,,
10,Sun,November 13,1:00PM,Kansas City Chiefs,@,Carolina Panthers,preview,,,,,,
10,Sun,November 13,1:00PM,Houston Texans,@,Jacksonville Jaguars,preview,,,,,,
10,Sun,November 13,1:00PM,Los Angeles Rams,@,New York Jets,preview,,,,,,
10,Sun,November 13,1:00PM,Minnesota Vikings,@,Washington Redskins,preview,,,,,,
10,Sun,November 13,1:00PM,Atlanta Falcons,@,Philadelphia Eagles,preview,,,,,,
10,Sun,November 13,1:00PM,Green Bay Packers,@,Tennessee Titans,preview,,,,,,
10,Sun,November 13,4:05PM,Miami Dolphins,@,San Diego Chargers,preview,,,,,,
10,Sun,November 13,4:25PM,Dallas Cowboys,@,Pittsburgh Steelers,preview,,,,,,
10,Sun,November 13,4:25PM,San Francisco 49ers,@,Arizona Cardinals,preview,,,,,,
10,Sun,November 13,8:30PM,Seattle Seahawks,@,New England Patriots,preview,,,,,,
10,Mon,November 14,8:30PM,Cincinnati Bengals,@,New York Giants,preview,,,,,,
11,Thu,November 17,8:25PM,New Orleans Saints,@,Carolina Panthers,preview,,,,,,
11,Sun,November 20,1:00PM,Pittsburgh Steelers,@,Cleveland Browns,preview,,,,,,
11,Sun,November 20,1:00PM,Tennessee Titans,@,Indianapolis Colts,preview,,,,,,
11,Sun,November 20,1:00PM,Tampa Bay Buccaneers,@,Kansas City Chiefs,preview,,,,,,
11,Sun,November 20,1:00PM,Arizona Cardinals,@,Minnesota Vikings,preview,,,,,,
11,Sun,November 20,1:00PM,Baltimore Ravens,@,Dallas Cowboys,preview,,,,,,
11,Sun,November 20,1:00PM,Jacksonville Jaguars,@,Detroit Lions,preview,,,,,,
11,Sun,November 20,1:00PM,Chicago Bears,@,New York Giants,preview,,,,,,
11,Sun,November 20,1:00PM,Buffalo Bills,@,Cincinnati Bengals,preview,,,,,,
11,Sun,November 20,4:05PM,Miami Dolphins,@,Los Angeles Rams,preview,,,,,,
11,Sun,November 20,4:25PM,New England Patriots,@,San Francisco 49ers,preview,,,,,,
11,Sun,November 20,4:25PM,Philadelphia Eagles,@,Seattle Seahawks,preview,,,,,,
11,Sun,November 20,8:30PM,Green Bay Packers,@,Washington Redskins,preview,,,,,,
11,Mon,November 21,8:30PM,Houston Texans,@,Oakland Raiders,preview,,,,,,
12,Thu,November 24,12:30PM,Minnesota Vikings,@,Detroit Lions,preview,,,,,,
12,Thu,November 24,4:30PM,Washington Redskins,@,Dallas Cowboys,preview,,,,,,
12,Thu,November 24,8:30PM,Pittsburgh Steelers,@,Indianapolis Colts,preview,,,,,,
12,Sun,November 27,1:00PM,San Diego Chargers,@,Houston Texans,preview,,,,,,
12,Sun,November 27,1:00PM,Jacksonville Jaguars,@,Buffalo Bills,preview,,,,,,
12,Sun,November 27,1:00PM,New York Giants,@,Cleveland Browns,preview,,,,,,
12,Sun,November 27,1:00PM,Cincinnati Bengals,@,Baltimore Ravens,preview,,,,,,
12,Sun,November 27,1:00PM,Los Angeles Rams,@,New Orleans Saints,preview,,,,,,
12,Sun,November 27,1:00PM,San Francisco 49ers,@,Miami Dolphins,preview,,,,,,
12,Sun,November 27,1:00PM,Arizona Cardinals,@,Atlanta Falcons,preview,,,,,,
12,Sun,November 27,1:00PM,Tennessee Titans,@,Chicago Bears,preview,,,,,,
12,Sun,November 27,4:05PM,Seattle Seahawks,@,Tampa Bay Buccaneers,preview,,,,,,
12,Sun,November 27,4:25PM,Kansas City Chiefs,@,Denver Broncos,preview,,,,,,
12,Sun,November 27,4:25PM,Carolina Panthers,@,Oakland Raiders,preview,,,,,,
12,Sun,November 27,8:30PM,New England Patriots,@,New York Jets,preview,,,,,,
12,Mon,November 28,8:30PM,Green Bay Packers,@,Philadelphia Eagles,preview,,,,,,
13,Thu,December 1,8:25PM,Dallas Cowboys,@,Minnesota Vikings,preview,,,,,,
13,Sun,December 4,1:00PM,Denver Broncos,@,Jacksonville Jaguars,preview,,,,,,
13,Sun,December 4,1:00PM,Miami Dolphins,@,Baltimore Ravens,preview,,,,,,
13,Sun,December 4,1:00PM,Kansas City Chiefs,@,Atlanta Falcons,preview,,,,,,
13,Sun,December 4,1:00PM,Los Angeles Rams,@,New England Patriots,preview,,,,,,
13,Sun,December 4,1:00PM,Detroit Lions,@,New Orleans Saints,preview,,,,,,
13,Sun,December 4,1:00PM,Houston Texans,@,Green Bay Packers,preview,,,,,,
13,Sun,December 4,1:00PM,Philadelphia Eagles,@,Cincinnati Bengals,preview,,,,,,
13,Sun,December 4,1:00PM,San Francisco 49ers,@,Chicago Bears,preview,,,,,,
13,Sun,December 4,4:05PM,Buffalo Bills,@,Oakland Raiders,preview,,,,,,
13,Sun,December 4,4:25PM,Tampa Bay Buccaneers,@,San Diego Chargers,preview,,,,,,
13,Sun,December 4,4:25PM,Washington Redskins,@,Arizona Cardinals,preview,,,,,,
13,Sun,December 4,4:25PM,New York Giants,@,Pittsburgh Steelers,preview,,,,,,
13,Sun,December 4,8:30PM,Carolina Panthers,@,Seattle Seahawks,preview,,,,,,
13,Mon,December 5,8:30PM,Indianapolis Colts,@,New York Jets,preview,,,,,,
14,Thu,December 8,8:25PM,Oakland Raiders,@,Kansas City Chiefs,preview,,,,,,
14,Sun,December 11,1:00PM,Minnesota Vikings,@,Jacksonville Jaguars,preview,,,,,,
14,Sun,December 11,1:00PM,Cincinnati Bengals,@,Cleveland Browns,preview,,,,,,
14,Sun,December 11,1:00PM,Denver Broncos,@,Tennessee Titans,preview,,,,,,
14,Sun,December 11,1:00PM,Chicago Bears,@,Detroit Lions,preview,,,,,,
14,Sun,December 11,1:00PM,New Orleans Saints,@,Tampa Bay Buccaneers,preview,,,,,,
14,Sun,December 11,1:00PM,Pittsburgh Steelers,@,Buffalo Bills,preview,,,,,,
14,Sun,December 11,1:00PM,Houston Texans,@,Indianapolis Colts,preview,,,,,,
14,Sun,December 11,1:00PM,San Diego Chargers,@,Carolina Panthers,preview,,,,,,
14,Sun,December 11,1:00PM,Washington Redskins,@,Philadelphia Eagles,preview,,,,,,
14,Sun,December 11,1:00PM,Arizona Cardinals,@,Miami Dolphins,preview,,,,,,
14,Sun,December 11,4:05PM,New York Jets,@,San Francisco 49ers,preview,,,,,,
14,Sun,December 11,4:25PM,Seattle Seahawks,@,Green Bay Packers,preview,,,,,,
14,Sun,December 11,4:25PM,Atlanta Falcons,@,Los Angeles Rams,preview,,,,,,
14,Sun,December 11,8:30PM,Dallas Cowboys,@,New York Giants,preview,,,,,,
14,Mon,December 12,8:30PM,Baltimore Ravens,@,New England Patriots,preview,,,,,,
15,Thu,December 15,8:25PM,Los Angeles Rams,@,Seattle Seahawks,preview,,,,,,
15,Sat,December 17,8:25PM,Miami Dolphins,@,New York Jets,preview,,,,,,
15,Sun,December 18,1:00PM,Tennessee Titans,@,Kansas City Chiefs,preview,,,,,,
15,Sun,December 18,1:00PM,Cleveland Browns,@,Buffalo Bills,preview,,,,,,
15,Sun,December 18,1:00PM,Green Bay Packers,@,Chicago Bears,preview,,,,,,
15,Sun,December 18,1:00PM,Indianapolis Colts,@,Minnesota Vikings,preview,,,,,,
15,Sun,December 18,1:00PM,Tampa Bay Buccaneers,@,Dallas Cowboys,preview,,,,,,
15,Sun,December 18,1:00PM,Detroit Lions,@,New York Giants,preview,,,,,,
15,Sun,December 18,1:00PM,Philadelphia Eagles,@,Baltimore Ravens,preview,,,,,,
15,Sun,December 18,1:00PM,Jacksonville Jaguars,@,Houston Texans,preview,,,,,,
15,Sun,December 18,4:05PM,New Orleans Saints,@,Arizona Cardinals,preview,,,,,,
15,Sun,December 18,4:05PM,San Francisco 49ers,@,Atlanta Falcons,preview,,,,,,
15,Sun,December 18,4:25PM,New England Patriots,@,Denver Broncos,preview,,,,,,
15,Sun,December 18,4:25PM,Oakland Raiders,@,San Diego Chargers,preview,,,,,,
15,Sun,December 18,8:30PM,Pittsburgh Steelers,@,Cincinnati Bengals,preview,,,,,,
15,Mon,December 19,8:30PM,Carolina Panthers,@,Washington Redskins,preview,,,,,,
16,Thu,December 22,8:25PM,New York Giants,@,Philadelphia Eagles,preview,,,,,,
16,Sat,December 24,1:00PM,New York Jets,@,New England Patriots,preview,,,,,,
16,Sat,December 24,1:00PM,Atlanta Falcons,@,Carolina Panthers,preview,,,,,,
16,Sat,December 24,1:00PM,Miami Dolphins,@,Buffalo Bills,preview,,,,,,
16,Sat,December 24,1:00PM,Tampa Bay Buccaneers,@,New Orleans Saints,preview,,,,,,
16,Sat,December 24,1:00PM,Washington Redskins,@,Chicago Bears,preview,,,,,,
16,Sat,December 24,1:00PM,Tennessee Titans,@,Jacksonville Jaguars,preview,,,,,,
16,Sat,December 24,1:00PM,San Diego Chargers,@,Cleveland Browns,preview,,,,,,
16,Sat,December 24,1:00PM,Minnesota Vikings,@,Green Bay Packers,preview,,,,,,
16,Sat,December 24,4:05PM,Indianapolis Colts,@,Oakland Raiders,preview,,,,,,
16,Sat,December 24,4:25PM,San Francisco 49ers,@,Los Angeles Rams,preview,,,,,,
16,Sat,December 24,4:25PM,Arizona Cardinals,@,Seattle Seahawks,preview,,,,,,
16,Sat,December 24,8:25PM,Cincinnati Bengals,@,Houston Texans,preview,,,,,,
16,Sun,December 25,4:30PM,Baltimore Ravens,@,Pittsburgh Steelers,preview,,,,,,
16,Sun,December 25,8:30PM,Denver Broncos,@,Kansas City Chiefs,preview,,,,,,
16,Mon,December 26,8:30PM,Detroit Lions,@,Dallas Cowboys,preview,,,,,,
17,Sun,January 1,1:00PM,Buffalo Bills,@,New York Jets,preview,,,,,,
17,Sun,January 1,1:00PM,Baltimore Ravens,@,Cincinnati Bengals,preview,,,,,,
17,Sun,January 1,1:00PM,Jacksonville Jaguars,@,Indianapolis Colts,preview,,,,,,
17,Sun,January 1,1:00PM,Houston Texans,@,Tennessee Titans,preview,,,,,,
17,Sun,January 1,1:00PM,New York Giants,@,Washington Redskins,preview,,,,,,
17,Sun,January 1,1:00PM,New England Patriots,@,Miami Dolphins,preview,,,,,,
17,Sun,January 1,1:00PM,Dallas Cowboys,@,Philadelphia Eagles,preview,,,,,,
17,Sun,January 1,1:00PM,New Orleans Saints,@,Atlanta Falcons,preview,,,,,,
17,Sun,January 1,1:00PM,Chicago Bears,@,Minnesota Vikings,preview,,,,,,
17,Sun,January 1,1:00PM,Cleveland Browns,@,Pittsburgh Steelers,preview,,,,,,
17,Sun,January 1,1:00PM,Green Bay Packers,@,Detroit Lions,preview,,,,,,
17,Sun,January 1,1:00PM,Carolina Panthers,@,Tampa Bay Buccaneers,preview,,,,,,
17,Sun,January 1,4:25PM,Kansas City Chiefs,@,San Diego Chargers,preview,,,,,,
17,Sun,January 1,4:25PM,Arizona Cardinals,@,Los Angeles Rams,preview,,,,,,
17,Sun,January 1,4:25PM,Oakland Raiders,@,Denver Broncos,preview,,,,,,
17,Sun,January 1,4:25PM,Seattle Seahawks,@,San Francisco 49ers,preview,,,,,,
